{
  "total_trades": 152,
  "win_rate": 0.625,
  "total_return": 18.427185432085217,
  "avg_win": 2709.9556464350576,
  "avg_loss": -1283.753194569795,
  "profit_factor": 3.5182718634417967,
  "sharpe_ratio": 0.6621161677519469,
  "max_drawdown": 0.11415761913600007,
  "final_capital": 194271.85432085217
}